순위,서명,저자,장르,추천사,책 속으로,서평
1,불편한 편의점,김호연,소설,"서울역 홈리스로 지내면서도 자기의 안위보다는 지갑을 잃어버린 낯선 부인의 안부를 걱정하는 독고 씨. 그런 독고를 향해 우정과 치유의 손길을 내미는 편의점 사장 염 여사. 두 사람의 아름다운 우정의 역사는 코로나 사태 이후 고독과 불안을 더욱 예민하게 느끼게 된 우리들에게 눈부신 영감의 씨앗을 심어준다. 모두가 무시하고, 외면하고, 회피하던 홈리스 독고 씨의 변신은 어쩌면 덜 놀라운 사실이다. 독고 씨의 진짜 재능은 많은 사람을 너끈히 구할 수 있는 눈물겹도록 따스한 마음이기에.","“근데 이게 마지막 술이에요. 이거 먹고 술 끊는 조건으로 우리 가게 일 좀 봐줘요.”
독고 씨의 커다란 머리가 갸우뚱거렸다.
“제, 제가……요?”
“독고 씨 할 수 있어요. 곧 날 추워질 텐데 밤에도 따뜻한 편의점에 머물고 돈도 벌고 얼마나 좋아요.”
염 여사는 독고 씨의 눈을 똑바로 응시하며 답을 기다렸다. 독고 씨는 시선을 피한 채 곤란한 듯 광대를 연신 씰룩이다가 작은 눈을 돌려 그녀를 살폈다.
“저한테 왜…… 잘해주세요?”
“독고 씨 하는 만큼이야. 게다가 나 힘들고 무서워 밤에 편의점 못 있겠어요. 그쪽이 일해줘야 해요.”
“나…… 누군지…… 모르잖아요.”
“뭘 몰라. 나 도와주는 사람이죠.”
“나를 나도 모르는데…… 믿을 수 있어요?”
“내가 고등학교 선생으로 정년 채울 때까지 만난 학생만 수만 명이에요. 사람 보는 눈 있어요. 독고 씨는 술만 끊으면 잘할 수 있을 거예요.” (49~50쪽)

“그런데 담배 어떻게 그렇게 쉽게 찾았어요?”
“가, 간밤에 담배 손님 많아서…… 후딱 외웠어요. 에쎄는 에쎄원, 에쎄 스페셜 골드, 에쎄 스페셜 골드 1밀리, 에쎄 스페셜 골드 0.5, 에쎄 클래식, 에쎄 수 0.5, 에쎄 수 0.1, 에쎄 골든 리프, 에쎄 골든 리프 1밀리…….”
독고 씨가 마치 구구단 외우듯 담배 종류를 줄줄 내뱉었다. 깜짝 놀란 시현은 한동안 멍하니 있다가 그의 말을 끊었다.
“됐고요, 그걸 하루에 다 외웠다고요?”
“……밤새 할 일도 없고…… 잠도 오고 해서…….”
“혹시 애연가였어요?”
“모, 몰라요.”
“몰라요? 담배 피운 기억이 없어요?”
“피웠는지 안 피웠는지…… 모른다니까요.”
“기억상실증인 거예요?”
“술 때문에…… 머리가…… 갔어요.”
“그럼 과거 언제까지 기억해요?”
“모, 몰라요.”
아오, 씨……. 시현은 대화를 자제하기로 한 아까의 다짐을 또 까먹은 걸 후회했다. 그럼에도 제이에스를 그렇게 퇴치한 건 정말이지 통쾌하지 않을 수 없었다. (70~71쪽)

말없이 삼각김밥을 내려다보는 선숙의 귀에 독고 씨의 중얼거림이 들려왔다.
“근데 김밥만 주면…… 안 돼요. 편지…… 같이 줘요.”
선숙이 고개를 들어 독고 씨를 바라보았다. 독고 씨가 선숙을 똑바로 응시하고 있었는데, 그녀에게는 그런 그가 정말로 골든 레트리버처럼 보였다.
“아들한테…… 그동안 못 들어줬다고, 이제 들어줄 테니 말……해 달라고…… 편지 써요. 그리고…… 거기에 삼각김밥…… 올려놔요.”
선숙은 독고 씨가 건넨 삼각김밥을 다시 내려다보며 입술을 깨물었다. 독고 씨가 바지 주머니에서 꼬깃꼬깃한 천 원짜리 지폐 세 장을 꺼냈다.
“내가 사는 거예요. 어서…… 찍어요.”
선숙은 상사의 지시를 따르듯 독고 씨가 시키는 대로 삼각김밥에 바코드 리더기를 가져갔다. 삑, 소리와 함께 ‘결제가 완료되었습니다’라는 기계음이 들리자, 그녀의 머릿속을 복잡하게 오가던 불안감이 완료된 기분이었다. 사람 대신 개를 믿는 선숙은, 착한 큰 개처럼 보이는 독고 씨의 말에 다시 한 번 고개를 끄덕였다. (109~110쪽)

따뜻했다.
소주도, 그 소주가 담긴 컵도. 사내가 경만을 위해 특별히 마련했다는 온기를 주는 물건도. 경만은 왕따였지만 이곳에서만큼은 왕따가 아니었다. 이놈의 불편한 편의점이 한순간에 자신만의 공간으로 돌아왔다. 경만은 VIP로 컴백한 기분이었다.
순식간에 참참참을 해치웠다. 그는 온기를 더 느끼고 싶었지만 일어나야 한다는 걸 알았다. 그런데 사장이 마치 값을 치러야 한다는 듯 경만 앞에 다시 나타났다. 한 손에는 얼음이 든 것으로 추정되는 종이컵과 다른 손에는 옥수수수염차를 들고서. 오 마이 갓. (125쪽)

인경은 낮과 밤이 바뀐 사이클을 계속 활용하기로 했다. 그녀는 새벽에 일어나 출근하듯 편의점에 가 산해진미 도시락을 먹으며 독고 씨와 이야기를 나눴다. 생각보다 똑똑하고 눈치도 빠른 사람이었다. 며칠 같이 이야기를 나누던 인경은 이후로는 아예 수첩을 들고 가 그와의 대화 꼭지를 기록하기 시작했다. 뜻하지 않은 취재는 그녀에게 글을 쓸 수 있을 거라는 용기를 불어넣어주었다. (155~156쪽)

“계산하셔야죠.”
“아, 계산. 나 여기 아들이에요. 그냥 찍어놔요.”
그제야 민식은 자신이 편의점 사장의 아들임을 밝히지 않았다는 걸 떠올렸다. 그런데 신분을 밝혔음에도 사내는 꿈쩍 않고 선 채로 그를 응시할 뿐이었다. 오호라, 나잇살 먹었다고 불편하다 이건가?
“왜? 일 안 해?”
이럴 땐 먼저 반말로 야코를 죽여야 한다. 하지만 사내는 여전히 꿈쩍도 안 했다.
“나 여기 주인 할머니 아들이라니까? 못 알아들어?”
“증명……해봐.”
“뭐?”
“증명해보라고. 사장님…… 아들인 거.”
“지금 반말했냐?”
“어. 너처럼.”
“야 이 자식아. 너 사장님 못 봤어? 나랑 닮았잖아. 눈매며 매부리코며. 안 그래?”
“안…… 그래. 안…… 닮았어.” (179~180쪽)

마스크 대란이 일고 사람들이 줄을 서서 약국에서 마스크를 구입하기 시작했다. 수많은 감염자가 발생한 대구로 전국의 의료진이 투입되었다. 코로나19로 세계가 뒤집어진 지금 나는 마스크를 쓴 채 골몰했다. 무언가 변화하고 있었다. 세계도, 나도. TV에서는 코로나19로 죽어가는 가족의 임종을 지키지 못한 채 보내야 하는 이탈리아 가족의 슬픈 사연이 소개되고 있었다.
내 머릿속에서도 전염병이 돌듯 하나의 생각만이 나를 잠식하고 있었다. 전염병 같은 기억들이 내게 진짜 삶을 선택해야 할 때라고 외치고 있었다. 신기했다. 죽음이 창궐하자 삶이 보였다. 나는 마지막 삶이어도 좋을 그 삶을 찾으러 가야 했다. (242~243쪽)","원 플러스 원의 기쁨, 삼각김밥 모양의 슬픔, 만 원에 네 번의 폭소가 터지는 곳!
힘겨운 시대를 살아가는 우리들에게 다가온 조금 특별한 편의점 이야기

2013년 세계문학상 우수상 수상작 『망원동 브라더스』로 데뷔한 후 일상적 현실을 위트 있게 그린 경쾌한 작품과 인간의 내밀한 욕망을 기발한 상상력으로 풀어낸 스릴러 장르를 오가며 독자적인 작품 세계를 쌓아올린 작가 김호연. 그의 다섯 번째 장편소설 『불편한 편의점』이 나무옆의자에서 출간되었다. 『불편한 편의점』은 청파동 골목 모퉁이에 자리 잡은 작은 편의점을 무대로 힘겨운 시대를 살아가는 우리 이웃들의 삶의 속내와 희로애락을 따뜻하고 유머러스하게 담아낸 작품이다. 『망원동 브라더스』에서 망원동이라는 공간의 체험적 지리지를 잘 활용해 유쾌한 재미와 공감을 이끌어냈듯 이번에는 서울의 오래된 동네 청파동에 대한 공감각을 생생하게 포착해 또 하나의 흥미진진한 ‘동네 이야기’를 탄생시켰다.
서울역에서 노숙인 생활을 하던 독고라는 남자가 어느 날 70대 여성의 파우치를 찾아준 인연으로 그녀가 운영하는 편의점에서 야간 알바를 하면서 이야기가 시작된다. 덩치가 곰 같은 이 사내는 알코올성 치매로 과거를 기억하지 못하는 데다 말도 어눌하고 행동도 굼떠 과연 손님을 제대로 상대할 수 있을까 의구심을 갖게 하는데 웬걸, 의외로 그는 일을 꽤 잘해낼 뿐 아니라 주변 사람들을 묘하게 사로잡으면서 편의점의 밤을 지키는 든든한 일꾼이 되어간다.
현실감 넘치는 캐릭터와 그들 간의 상호작용을 점입가경으로 형상화하는 데 일가견이 있는 작가의 작품답게 이 소설에서도 독특한 개성과 사연을 지닌 인물들이 차례로 등장해 서로 티격태격하며 별난 관계를 형성해간다. 고등학교에서 역사를 가르치다 정년퇴임하여 매사에 교사 본능이 발동하는 편의점 사장 염 여사를 필두로 20대 취준생 알바 시현, 50대 생계형 알바 오 여사, 매일 밤 야외 테이블에서 참참참(참깨라면, 참치김밥, 참이슬) 세트로 혼술을 하며 하루의 스트레스를 푸는 회사원 경만, 마지막이라는 각오로 청파동에 글을 쓰러 들어온 30대 희곡작가 인경, 호시탐탐 편의점을 팔아치울 기회를 엿보는 염 여사의 아들 민식, 민식의 의뢰를 받아 독고의 뒤를 캐는 사설탐정 곽이 그들이다. 제각기 녹록지 않은 인생의 무게와 현실적 문제를 안고 있는 이들은 각자의 시선으로 독고를 관찰하는데, 그 과정에서 발생하는 오해와 대립, 충돌과 반전, 이해와 공감은 자주 폭소를 자아내고 어느 순간 울컥 눈시울이 붉어지게 한다. 그렇게 골목길의 작은 편의점은 불편하기 짝이 없는 곳이었다가 고단한 삶을 위로하고 웃음을 나누는 특별한 공간이 된다.

청파동 골목에 자리 잡은 작은 편의점 ALWAYS.
어느 날 서울역에서 살던 사내가 야간 알바로 들어오면서
편의점에 변화의 바람이 일기 시작한다!

사람들이 기피하고 편견 어린 시선으로 바라보던 인물의 변신과 반전, 아이러니한 상황 전개는 이 소설의 가장 흥미로운 지점이다. 염 여사의 편의점은 직원들 입장에서는 비교적 좋은 대우를 받으며 안정적으로 일할 수 있는 곳이지만 주변에 편의점이 하나둘 생기면서 경쟁에서 밀리자 장사가 잘 되지 않는 상황에 봉착한다. 그러다 보니 동네 사람들에게 ‘불편한 편의점’으로 인식되는데, 이런 와중에 얼마 전까지 노숙자였던 ‘미련 곰탱이’ 같은 사내에게 야간 시간대를 맡긴다니 기존 직원들로서는 불안할 수밖에. 그런데 걱정도 잠시, 그가 들어온 후 편의점에는 신선한 변화의 바람이 일기 시작한다. 그는 물건을 슬쩍한 뒤 튀려는 불량학생이나 한밤중의 취객을 제법 잘 다루고, 일명 제이에스라 불리는 진상 손님까지 두 손 들고 나가 떨어지게 만든다. 뿐만 아니라 편의점은 비싸다며 오지 않던 동네 노인들마저 독고의 싹싹한 태도에 마실 나오듯 편의점을 어슬렁거리기 시작하고, 그로 인해 오전 매출이 쑥 올라간다.
독고가 일으킨 변화의 바람은 동료들에게도 전해진다. 편의점 알바를 하며 공무원시험을 준비하는 시현은 신참 독고에게 매장 업무 교육을 해주다 그가 불쑥 건넨 말 한마디에 자신의 숨은 재능을 발견한다. 아들과의 관계 단절로 속을 태우는 오 여사는 자신의 하소연을 귀담아 들어주고 아들과 소통할 방법을 넌지시 알려주는 독고에게 큰 감명을 받는다. 그런가 하면 어떤 손님은 독고의 눈빛과 접객 태도에서 영락없는 사장의 풍모를 추리해내기도 한다. 집과 회사 양쪽에서 점점 존재감을 잃어가는 세일즈맨 경만은 퇴근길 편의점에서 하는 혼술이 유일한 낙인데, 어느 날부터 편의점의 밤을 장악한 사내를 사장이라 지레짐작하여 못마땅한 시선을 보낸다. 하지만 그 역시 독고의 순수한 호의 앞에서 얼어붙은 마음이 스르르 풀어지고 만다.
독고 효과는 여기서 그치지 않는다. 염 여사로 하여금 독고를 쫓아내고 편의점을 팔게 하려던 민식은 그녀를 설득하는 과정에서 엄마와 더욱 돈독한 사이가 되고, 민식의 사주로 독고의 뒷조사를 하던 곽 씨는 오히려 타깃인 독고에게 감정이입을 하고 만다. 지친 상태로 대학로를 떠나와 마지막 글쓰기에 매달리는 희곡작가 인경은 서울역 홈리스였던 이상한 알바와 매일 밤 취재차 대화를 나누면서 글을 쓸 수 있다는 용기를 되찾는다. 어쩌면 이곳 편의점에서는 손님이든 직원이든 서로가 서로에게 구원과 영감을 주는 존재들인지 모른다. 애초에 염 여사가 도움의 손길을 내밀었을 때 독고가 이를 받아들인 것도 살기 위한 마지막 본능에 가까웠고, 염 여사 역시 덕분에 편의점의 밤을 맡길 든든한 인재를 얻었으니 그들은 서로를 지켜낸 셈이다.

삶은 관계이자 소통,
행복은 멀리 있지 않고 내 옆의 사람들과 마음을 나누는 데 있다

소설은 일곱 개의 에피소드를 통해 편의점을 둘러싼 다양한 인물의 시선으로 독고의 모습을 비춘다. 그리고 마지막은 독고의 독백으로 마무리된다. 편의점 일에 숙달될수록 독고는 기억을 조금씩 되찾는다. 사람들을 만나고 대화를 나누다 보니 알코올로 굳어진 뇌가 활성화되면서 기억의 조각들이 맞춰지기 시작한 것이다. 그는 어쩌다가 모든 것을 잃고 술에 빠져 살다가 기억마저 잃어버리고 노숙인이 되었을까. 분명한 것은 그가 편의점에서 두 계절을 보내면서 다시 살아내기로 마음먹은 것이다. 그가 기억을 거의 회복할 무렵 대구 지역에서 코로나가 걷잡을 수 없이 확산되고 있다는 소식이 들린다. 그와 함께 독고에게도 결단의 시간이 찾아온다.
불편한데도 자꾸 끌리는 이상한 편의점 이야기는 코로나로 인해 여전히 불편한 시대를 살아가는 우리에게 마침맞게 도착해 유쾌한 웃음과 다정한 위로를 건넨다. 마지막 페이지를 덮으면 삶은 관계이자 소통이며, 행복은 내 옆의 사람들과 마음을 나누는 데 있다는 한결같은 진리를 다시금 되새기게 될 것이다.

편의점이란 사람들이 수시로 오가는 곳이고 손님이나 점원이나 예외 없이 머물다 가는 공간이란 걸, 물건이든 돈이든 충전을 하고 떠나는 인간들의 주유소라는 걸, 그녀는 잘 알고 있었다. 이 주유소에서 나는 기름만 넣은 것이 아니라 아예 차를 고쳤다. 고쳤으면 떠나야지. 다시 길을 가야지. 그녀가 그렇게 내게 말하는 듯했다. (243쪽)"
5,지구 끝의 온실,김초엽,소설,"간절히 원해온 것들은 어째서 울고 난 뒤에야 알게 되는 걸까. 어떤 장면들 앞에서 이유도 모른 채 훌쩍거리다가 이 망할 놈의 세상이 실은 망하지 않기를 바라왔다는 걸, 인간 환멸이라고 중얼거렸지만 정말로 절망하고 싶지는 않았다는 걸 알아챘다. 김초엽은 세상을 구해내고야 마는 이야기를 들려주면서 탁월한 개인, 위대한 발견, 숭고한 희생이 아니라, 서로를 기억하며 지킨 작은 약속, 매일을 함께하는 동안 다져진 우정, 시간에 깎여나가지 않고 살아남은 사랑을 말한다. 어떻게 그럴 수 있지? 이제 그런 의문은 믿지 못하겠다는 의심이 아니라 오히려 믿고 싶은 진심이 만들어낸다는 걸 안다. 그가 보여준 구원의 장면, 끈질기게 뻗어 나가다가 풍경 속으로 스미는 식물을 닮은 그 모습을 오래도록 떠올릴 것 같다.","아영은 그렇게 느리고 꾸물거리는 것들이 멀리 퍼져 나가는 과정을 지켜보는 것이 좋았다. 천천히 잠식하지만 강력한 것들, 제대로 살피지 않으면 정원을 다 뒤덮어버리는 식물처럼. 그 런 생물들에는 무시무시한 힘과 놀라운 생명력이, 기묘한 이야기들이 깃들어 있다는 사실을, 아영은 어린 시절부터 이미 알고 있었다.
-82쪽

“좋아요. 딱 한 번만 더 이야기를 해볼게요. 어쩌면 당신이 말한 정원의 주인은 제가 아는 사람일지도 몰라요. 당신은 답을 아직 알지는 못하지만, 답을 찾기 위해 어디로 가야 하는지 를 알지요. 그곳으로 가겠다는 생각도 있고요.”
-109쪽

“지금부터는 실험을 해야 해. 내가 가르쳐준 것, 그리고 우리가 마을에서 해온 것들을 기억해. 이번에는 우리가 가는 곳 전부가 이 숲이고 온실인 거야. 돔 안이 아니라 바깥을 바꾸는 거야. 최대한 멀리 가. 가서 또다른 프림 빌리지를 만들어. 알겠지?”
-242쪽

어떤 기묘하고 아름다운 현상을 발견하고, 그 현상의 근거를 끈질기게 쫓아가보는 것 역시 하나의 유효한 과학적 방법론일지 모른다. 실패할 수도 있지만, 어쩌면 대부분은 실패하겠지만, 그래도 일단 가보지 않으면 발견하지 못할 놀라운 진실을 그 길에서 찾게 될지도 모른다고, 아영은 그렇게 생각했다.
-257쪽","“악마의 식물이 내 정원에 자라고 있는데, 이거 혹시 멸망의 징조 아니야?”
덩굴식물이 뻗어 나가는 곳, 그곳에 숨겨진 기묘한 이야기

소설은 총 세 개의 장으로 구성돼 있다. ‘1장 모스바나’에서 독자를 기다리는 인물은 2129년 더스트생태연구센터에서 연구원으로 일하는 식물생태학자 아영이다. 그는 느리지만 멀리까지 뻗어 나가는 식물들, 그리고 그 안에 깃든 놀라운 생명력과 기묘한 이야기에 매료되어 이 일을 시작하게 되었다. 과학자로서의 원칙을 잊지는 않지만, 남몰래 괴담을 좋아하여 ‘스트레인저 테일즈’에 접속하는 게 취미인 그다.
어느 날 아영은 폐허 도시 해월에서 덩굴식물 모스바나가 수상할 정도로 빠르게 증식해 문제가 되고 있다는 소식을 전해 듣는다. 알 수 없는 푸른빛까지 목격되었다는 이야기를 듣고 그는 어린 시절 이웃에 살던 노인 이희수의 정원에서 본 풍경을 떠올린다. 방치된 듯 잡초가 무성한 한밤의 정원, 그 위에 마법처럼 떠 있던 푸른빛들을. 대체 왜 갑자기 모스바나가 이상 증식하기 시작한 걸까, 그리고 푸른빛의 정체는 무엇일까?
그는 모스바나를 채집하여 분석하는 한편, 스트레인저 테일즈를 통해 이 식물에 대해 잘 아는 사람을 수소문한다. 마침내 그는 더스트 시대에 모스바나를 약초로 활용하면서 사람들에게 ‘랑가노의 마녀들’이라고 불려온 아마라, 나오미 자매에게 닿게 된다. 아영은 그들로부터 어떤 이야기를 반드시 듣고자 한다.

“도대체 어떻게 이런 곳이 있는 거예요?
다 죽었다고 생각했어요. 돔 바깥에서는, 모두 다 죽었다고요.”
멸망한 세계 속 유일한 도피처, 그리고 비밀스러운 온실

‘2장 프림 빌리지’에서 독자가 만나는 인물은 2058년 더스트로 멸망해버린 세계를 헤매는 아이 나오미다. 붉은 안개와 함께 찾아오는 더스트는 살아 있는 존재라면 무엇이든 순식간에 죽게 만든다. 사람들은 돔을 씌워 그들만의 도시를 만들고, 유지를 위해서라면 살인도 서슴지 않는다. 더스트에 내성을 가진 탓에 피를 원하는 사냥꾼들에게 쫓기고, 실험 대상이 되어 고통받아온 나오미는 언니인 아마라와 함께 소문 속 도피처를 찾아 숲으로 향한다.
마침내 자매는 돔 없이, 내리는 비와 불어오는 바람을 고스란히 맞고서도 사람들이 살아가는 곳, 프림 빌리지에 도달한다. 이곳은 거창한 이념이나 명분 없이 그저 사람들의 충실한 노동으로 유지되고 있었다. 그리고 또 하나, 리더인 지수만이 들어갈 수 있는 언덕 위 온실 속에 사는 식물학자 레이첼이 건네는 작물들과 더스트 분해제가 사람들을 먹여 살리고 있었다. 나오미는 믿을 수 없이 생기로운 숲속의 마을에 점차 스며든다.
하지만 평화란 영원할 수 없는 법. 프림 빌리지에 침략자들이 나타나고, 지수는 마을 사람들에게 준비해둔 식물들을 나누어주며 멀리 떠나라고 이야기한다. 숲 바깥으로 가서 식물들을 심고, 또 다른 프림 빌리지를 만들라고. 마을을 떠나며, 나오미는 아마도 마음이 평생 이곳에 붙잡혀 있으리라 예감한다.

“아마도 나는, 그 마음에 대한 이야기를 쓰고 싶었던 것 같다.”
어떻게 이처럼 작은 우리가 서로를 구할 수 있는 걸까?

‘3장 지구 끝의 온실’에서 독자들은 아영을 다시 만난다. 세계가 재건된 이후를 살아가는 아영은 멸망의 시대 한복판을 지나온 나오미의 증언을 들으며, 이제껏 머릿속에 따로 존재해왔던 수많은 퍼즐들이 하나의 온전한 그림을 만들어가고 있음을 느낀다. 나오미의 증언을 정리하고 데이터들로 뒷받침하는 작업을 거치면서, 아영은 묻혀 있는 진실을 찾아야 하는 과학자로서, 또 내밀한 기억과 마음을 가진 인간으로서 각각 뚜렷한 결론에 도달한다. 독자들이 아영과 함께 이 결론에 다다랐을 때, 마음속에서는 어떤 작용들이 일어날까.
한 작가의 첫 장편소설이 품고 있는 것들은 말하자면, 수도 없이 많을 것이다. 순수한 탐구심으로 쓸모없어 보이는 대상에 열과 성을 다하는 과학자들, 세대를 달리하는 인물들이 존중과 존경으로 함께 나누는 대화, 세상의 풍경을 바라보는 우리의 관점을 완전히 바꿔놓은 식물들의 모습, 매일같이 지구의 위기를 실감하는 이 시대에 우리가 품음직한 태도, 예상하지 못했던 애틋한 사랑의 이야기…… 하지만 무엇보다 『지구 끝의 온실』이 향하는 곳이 있다면 그것은 “아마도 나는, 그 마음에 대한 이야기를 쓰고 싶었던 것 같다”(389쪽)라는 작가의 말처럼 바로 우리의 ‘마음’일 것이다.
독자들은 이미 작가의 첫 작품집을 통해 그가 얼마나 정확하고 부드럽게 이 마음을 탐구하고, 미처 자신에게 있는 줄도 몰랐던 지점에 가 닿게 하는지 경험한 바 있다. 그런 마음을 가진 우리가, 어떤 마음들 때문에 어긋나기도 하지만, 결국 서로를 구하게 되기도 한다는 것을 작가는 이야기하고 싶었는지 모른다. 그러니까 『지구 끝의 온실』은 구하는 이야기, “탁월한 개인, 위대한 발견, 숭고한 희생이 아니라, 서로를 기억하며 지킨 작은 약속, 매일을 함께하는 동안 다져진 우정, 시간에 깎여나가지 않고 살아남은 사랑”(황예인 문학 평론가)이 서로를 구하게 하는 이야기라고 할 수 있을 것이다."
7,밝은 밤 ,최은영,소설,"태생지를 빌려 삼천이로, 새비로 서로를 부르며 함께 한 세상을 살아냈던 두 여성의 만남은 우정, 자매애, 사랑이라는 언어를 넘어선 근원성, 어쩌면 목숨과 목숨의 얽힘이라고나 해야 할 것이다. 가없이 그립고 정다운 마음들은 이승과 저승의 경계를 넘나들며 속삭인다. 난 너를 떠난 적이 없어. 아프고 서럽게 살아낸 목숨의 이야기들은 노래가 되어 풀려나오고 읽는 이들은 끝없이 이어지는 그 실타래의 한끝을 잡고 자신이 갇혀 있던 상처와 혼돈과 환멸과 슬픔에서, 그 어둡고 혼란스러운 미궁에서 비로소 빠져나온다. 슬픔을 위로하고 감싸주는 것은 더 큰 슬픔의 힘이리니. 작가가 창조해낸 특별한 공간 ‘희령’에서는 이 모든 것이 가능하다.","왜 개새끼라고 하나. 개가 사람한테 너무 잘해줘서 그런 거 아닌가. 아무 조건도 없이 잘해주니까, 때려도 피하지 않고 꼬리를 흔드니까, 복종하니까, 좋아하니까 그걸 도리어 우습게 보고 경멸하는 게 아닐까. 그런 게 사람 아닐까. 나는 그 생각을 하며 개새끼라는 단어를 가만히 내려다봤다. 나 자신이 개새끼 같았다.(13쪽)

마음이라는 것이 꺼내볼 수 있는 몸속 장기라면, 가끔 가슴에 손을 넣어 꺼내서 따뜻한 물로 씻어주고 싶었다. 깨끗하게 씻어서 수건으로 물기를 닦고 해가 잘 들고 바람이 잘 통하는 곳에 널어놓고 싶었다. 그러는 동안 나는 마음이 없는 사람으로 살고, 마음이 햇볕에 잘 마르면 부드럽고 좋은 향기가 나는 마음을 다시 가슴에 넣고 새롭게 시작할 수 있겠지.(14쪽)

증조모는 뒤도 돌아보지 않고 집을 나왔다. 잠시라도 뒤돌아보면 떠날 수 없을 것 같아서였다. 십칠 년 동안 살던 집, 누린내가 가시지 않던 집, 똥지게꾼도 상대해주지 않아 스스로 오물을 퍼내야 했던 집, 해질녘 구석에 핀 꽃이 예뻐 바라보다 아무 이유도 없이 날아온 돌에 머리를 맞아야 했던, 무엇 하나 좋은 기억이 없던 집. 그 집을 떠나 기차역으로 가는데 그 짧은 길이 천릿길 같았고, 걸음걸음이 무거워 납으로 만든 신발을 신은 것 같았다.
그래도 떠나야 했다. 그게 사는 길이었으니까.(34쪽)

그녀에게는 그런 재능이 있었다. 어떤 경우에도 자신을 속이지 않는 재능. 부당한 일은 부당한 일로, 슬픈 일은 슬픈 일로, 외로운 마음은 외로운 마음으로 느끼는 재능.(54쪽)

그녀는 아이가 작은 몸과 마음으로 눈치를 살피느라 마음껏 울어보지도 못하는 게 아닐지 근심했다. 그녀의 사랑은 그 근심에서 자랐다. 아이와 눈을 마주치며 웃던 어느 날, 그녀는 자신이 아이를 마음으로 귀하게 여기고 있음을 알았다. 그것이 세상 사람들이 말하는 어미의 본능적 사랑 같은 것은 아닐지 몰라도.(73쪽)

그렇지만 그게 다 무슨 소용일까. 사람이 사람을 기억하는 일, 이 세상에 머물다 사라진 누군가를 기억한다는 것이 무슨 의미가 있을지 알 수 없었다. 나는 기억되고 싶을까. 나 자신에게 물어보면 언제나 답은 기억되고 싶지 않다는 것이었다. 내가 기원하든 그러지 않든 그것이 인간의 최종 결말이기도 했다. 지구가 수명을 다하고, 그보다 더 긴 시간이 지나 엔트로피가 최대가 되는 순간이 오면 시간마저도 사라지게 된다. 그때 인간은 그들이 잠시 우주에 머물렀다는 사실조차도 기억되지 못하는 종족이 된다. 우주는 그들을 기억할 수 있는 마음이 없는 곳이 된다. 그것이 우리의 최종 결말이다.(81쪽)

삼천아, 새비에는 지금 진달래가 한창이야. 개성도 그렇니. 너랑 같이 꽃을 뽑아다가 꿀을 먹던 게 생각나. 그걸 따다가 전을 부쳐 먹던 것두, 같이 쑥을 캐다가 떡을 만들어 먹던 것도. 인제 나는 꽃을 봐도 풀을 봐도 네 생각을 하는 사람이 됐어. 별을 봐도 달을 봐도 그걸 올려다보던 삼천이 네 얼굴만 떠올라. 새비야, 참 희한하지 않아? 밤하늘을 보면서 그리 말하던 네가 떠올라. 이것도 희한하구 저것도 희한한 우리 삼천이가 생각나누나.(120~121쪽)

우리는 둥글고 푸른 배를 타고 컴컴한 바다를 떠돌다 대부분 백 년도 되지 않아 떠나야 한다. 그래서 어디로 가나. 나는 종종 그런 생각을 했다. 우주의 나이에 비한다면, 아니, 그보다 훨씬 짧은 지구의 나이에 비한다고 하더라도 우리의 삶은 너무도 찰나가 아닐까. 찰나에 불과한 삶이 왜 때로는 이렇게 길고 고통스럽게 느껴지는 것인지 이해할 수 없었다. 참나무로, 기러기로 태어날 수도 있었을 텐데, 어째서 인간이었던 걸까.
원자폭탄으로 그 많은 사람을 찢어 죽이고자 한 마음과 그 마음을 실행으로 옮긴 힘은 모두 인간에게서 나왔다. 나는 그들과 같은 인간이다. 별의 먼지로 만들어진 인간이 빚어내는 고통에 대해, 별의 먼지가 어떻게 배열되었기에 인간 존재가 되었는지에 대해 가만히 생각했다. 언젠가 별이었을, 그리고 언젠가는 초신성의 파편이었을 나의 몸을 만져보면서. 모든 것이 새삼스러웠다.(130쪽)

예전처럼 며칠씩 서로 말도 붙이지 않을 정도로 신경전을 벌일 만한 일이 우리에게는 더이상 없었다. 큰불이 나기 전에 꺼버렸고, 상대에게 작은 불씨를 던졌다는 것에 문득 무안해지기도 하는 사이가 된 것이었다. 그건 우리가 그만큼 친밀한 사이가 아니라는 뜻이기도 했다. 서로에게 큰 상처를 입혔다가 돌이킬 수 없게 될지도 모른다는 두려움을 우리는 눈빛으로 공유하고 있었다. 우리는 더이상 끝까지 싸울 수 없는 사이가 되었다. 정말 끝이 날까봐 끝까지 싸울 수 없는 사이가.(137쪽)

당장이라도 무슨 일이 터질 것 같다는 생각을 하며 전전긍긍할 때는 별다른 일이 없다가도 조금이라도 안심하면 뒤통수를 치는 것이 삶이라고 할머니는 생각했다. 불행은 그런 환경을 좋아하는 것 같았다. 겨우 한숨 돌렸을 때, 이제는 좀 살아볼 만한가보다 생각할 때.(199쪽)

편지에서 묻어 나오는 명숙 할머니의 애정이 할머니는 버거웠다. 명숙 할머니의 편지를 읽다보면 결국 자신이 누군가에게 사랑받고 싶어하는 사람이라는 것을 알게 됐으니까. 그것도 아주 간절하고 절실하게, 사랑받고 싶어하는 사람이라는 것을 인정하게 됐으니까. 남선의 모진 말들은 얼마든지 견딜 수가 있었다. 하지만 명숙 할머니의 편지를 읽으면 늘 마음이 아팠다. 사랑은 할머니를 울게 했다. 모욕이나 상처조차도 건드리지 못한 마음을 건드렸다.(220쪽)","증조할머니, 할머니, 그리고 엄마를 거쳐 내게 도착한 이야기
그렇게 나에게로 삶이 전해지듯 지금의 나도 그들에게 닿을 수 있을까
과거의 무수한 내가 모여 지금의 내가 만들어졌듯
지금의 나 또한 과거의 수많은 나를 만나러 갈 수 있을까

서른두 살의 ‘지연’은 서울에서의 생활을 정리하고 ‘희령’으로 떠난다. 희령 천문대의 연구원 채용공고를 본 건, 바람을 피운 남편과 이혼한 후 한 달이 지났을 무렵이었다. 남편이 자신을 배신했다는 충격에서 쉽사리 헤어나오지 못하는 지연은 도망치다시피 이사를 결심한다. 바닷가의 작은 도시인 희령은 열 살 때 할머니 집에 놀러가기 위해 방문했던 때를 빼면 가본 적이 없는 낯선 곳이다.
“‘나아지고 있는 걸까’라는 질문에 선뜻 그렇다고 답할 수가 없”(15쪽)는 시간을 보내며 희령에서의 생활을 이어가던 어느 주말, 지연은 집으로 돌아가는 언덕에서 한 할머니를 만난다. 지연과 같은 아파트 단지에 살면서 가끔 마주칠 때면 반가운 내색을 하던 분이었다. 오후의 햇살로 반짝이는 바다가 보이고 부드러운 바람이 부는 언덕 위에서 할머니는 뜻밖의 말을 꺼낸다.

“아가씨, 내 손녀랑 닮았어. 그애를 열 살 때 마지막으로 보고 못 봤어. 내 딸의 딸인데.”
할머니는 거기까지 말하고 나를 가만히 바라봤다.
“손녀 이름이 지연이예요, 이지연. 딸 이름은 길미선.”
나는 할머니의 얼굴을 들여다봤다. 할머니는 나와 우리 엄마의 이름을 말하고 있었다. (…)
우리는 언덕 위에 어색하게 서서 서로를 바라봤다. 할머니의 얼굴에 장난스러운 표정이 떠올랐는데, 나는 할머니가 처음부터 나를 알아봤다는 생각을 했다.
“할머니.”
내 말에 할머니는 고개를 끄덕였다.
“오랜만이야.”(20~21쪽)

어떤 이유에선가 할머니와 엄마의 관계가 소원해진 탓에 이십 년이 넘는 시간 동안 만나지 못했던 할머니는 그렇게 지연 앞에 나타난다. 지연은 할머니와의 재회에 어색해하고 어려워하면서도 “그런 감정들의 바닥에 깔린 엷디엷은 우애”(23쪽)를 신기하게 받아들인다. 그리고 그 만남을 계기로 할머니의 집에 방문하게 된 지연은 조심스러우면서도 따듯한 분위기 속에서 할머니와 대화를 나누다가 사진 한 장을 건네받는다. 사진 속에는 흰 저고리에 검은 치마를 입은 두 여자가 미소 짓고 있는데, 그중 한 명은 놀랄 정도로 지연과 닮아 있다. 할머니는 그 여자를 가리키며 말한다. 이 사람이 바로 자신의 엄마라고. 그러면서 황해도 ‘삼천’에서 백정의 딸로 태어나 핍박받으며 살던 지연의 증조할머니가 어쩌다 양민의 자식인 증조할아버지와 만나게 되었는지, 어떤 삶을 살아내며 이곳 희령으로 오게 되었는지 이야기를 풀어내기 시작한다.
그것을 시작으로 『밝은 밤』은 지연이 희령에서 새로운 생활을 이어나가는 현재 시점의 이야기와 할머니에게 전해듣는 과거 시점의 이야기가 교차하며 전개된다. 이 이야기 형식의 특별한 점은, 과거의 이야기가 할머니의 입을 통해 직접적으로 풀려나오는 것이 아니라 할머니에게 들은 내용을 바탕으로 지연이 재구성한 것이라는 데 있다. 즉 1930년대를 배경으로 펼쳐지는 증조할머니의 이야기에서 출발해 현재의 자신에 이르기까지 백 년에 가까운 시간을 지연이 자신의 시점에서 꿰어나가는 이야기인 것이다. 그렇게 『밝은 밤』은 두 이야기의 시간을 오가며 사진과 기억 속에서만 존재하던 오래전 사람들을 구체적인 형상을 지닌 인물로 그려냄으로써 그들을 현재에 다시 살려낸다.

“사랑은 모욕이나 상처조차도 건드리지 못한 마음을 건드렸다.”
지금 나에게 이른 궤적을 거슬러올라가며 발견하는 사랑의 기원

“시간은 흘러가는 강물이 아니라 얼어붙은 강물”이어서 “과거와 현재와 미래는 동시에 존재한다”(173쪽)고 여기는 전남편의 믿음과 달리, 지연의 재구성을 통해 되살아나는 이야기는 과거 또는 현재의 이야기로 고정되지 않고 서로의 이야기에 부드럽게 섞여든다. 백정의 딸로 태어나 누구에게도 환대받지 못하던 증조할머니가 ‘새비 아주머니’를 만나 처음으로 우정을 나누는 모습은 1930년대라는 시간을 벗어나 현재 어두운 시간을 보내고 있는 지연에게로 흘러들고, 팔순을 앞둔 할머니는 지연의 이야기를 통과하면서 주름이 깊게 패고 허리 굽히는 것을 어려워하는 나이든 노인이 아니라 “먹을 것을 투정하지도 않았고 젖니가 나는데도 보채지 않”(74쪽)는 순한 아기의 모습으로 다시 살아난다. 그렇게 인물들은 현재의 고정된 모습이 아니라, 수많은 ‘나’를 간직한 모습으로 새롭게 태어나는 것이다.
그리고 그것을 가능하게 하는 것이 다름 아닌 서로가 서로에게 전하는 ‘이야기’라는 점은, 소설이라는 형식에 대한 작가 최은영의 믿음과 애정을 확인시켜주는 듯하다. “네가 내 이야기를 들어주니까, 새비 아저씨는 그만큼 더 사는 거잖아”(81쪽)라는 할머니의 말처럼 과거의 이야기는 증조할머니와 할머니, 엄마를 거쳐 지연에게 전해지며 계속 이어지고, 그렇게 여러 겹을 통과해 도착한 이야기는 현재 지연의 삶에 어떤 식으로든 변화를 일으킨다. 그러니 『밝은 밤』을 이렇게 말할 수 있을까. 어떤 삶은 왜 이야기를 통해 우리에게 전해질 수밖에 없는지에 대한 최은영의 아름답고 진지한 대답이라고. 최은영은 소설이 지닌 고유의 힘을 깊이 신뢰하는 정공법으로 한 걸음 한 걸음을 신중하게 내디디면서, 한 번도 만난 적 없는 사람들에게로 흘러가는 마음의 물길을 그려나간다. 책을 덮는 순간 완성되는 그 물길의 모양은 사람마다 다르겠지만, 한 가지만큼은 확실하다. 그 물길은, “그곳이 가시덤불”(56쪽)일지라도 아주 적은 사랑이 고여 있기만 한다면 그곳으로 흘러가리라는 것. 햇볕에 데워진 돌멩이를 만질 때 전해지는 온기처럼, 최은영이 발견해 우리에게 건넨 사랑은 이토록 따듯하고 단단하다."
12,아주 희미한 빛으로도,최은영,소설,"「아주 희미한 빛으로도」는 희미한 빛을 찾아 어두운 허공을 오래 찬찬히 응시한 자의 고요와 열기를, 마치 한 자루의 초에 불을 붙이고 그것이 타오르는 것을 지켜보는 행위와 같은 경건함으로 그려낸다. 이런 문장은 당해낼 길이 없다. 나는 늘 최은영에게 다른 것을 바란다고 생각하지만 그의 작품을 읽고 나면 늘 이것을 바라왔다는 걸 깨닫는다. 비슷한 것 같지만 읽을 때마다 생판 다른, 최은영은 그런 작가다. 최은영은 정치적 치열성에 걸맞은 빈틈없는 서사의 힘을 구사하는 보기 드문 작가이다. 그는 편재(遍在)하는 권력과 그 압도적 기울기, 편재성(偏在性)을 추적한다. 그는 ‘갑을’을 넘어 갑을병정…의 세계를 드러낸다. 우리는 그의 문학을 통해 세상이 어떻게 변화하지 않는지를 알게 된다. 이것은 축복이고 해방이다. 이보다 더 강력한 문학의 존재 이유는 없다.
그의 문장은 미시와 거시, 로컬과 글로벌, 다정함과 외로움, 분노와 체념의 살얼음판이다. 우리의 일상이 여기 있다. 긴장과 부드러움이 교차하는 그의 문장에 잠겨들 무렵, 우리는 정신을 차리고 운다. 그러니 최은영의 인물들이 특별히 더 작고 연약하게 느껴진다고 할 게 아니라 우리 모두에게 있는 작고 연약한 면을 최은영의 소설이 기민하게 포착할 줄 안다고 해야 할 것이다. 작아지고 연약해진 덕분에 연결된 타인을 통해 영향을 받고, 변화할 용기를 내는 사람들에 관한 이야기를 하는 것이라고. 최은영의 화자들 중 결말에 이르러 바뀌지 않는 인물은 거의 없다. 최은영의 인물들은 약자로서의 자기 자신을 재확인하는 자리가 아닌 스스로를 성찰하기를 망설이지 않음으로써 회복하는 자리에 있고자 한다. 소란으로 가득찬 침묵 속에서, 각각의 존재가 품고 있던 목소리의 빛깔을 찾아주는 방식으로 최은영은 회복하는 이야기를 쓴다.","나의 결핍을 안고서 그것을 너무 미워하지도, 너무 가여워하지도 않고 그저 하루하루를 살아가는 것. 슬프면 슬프다는 것을 알고 화가 나면 화가 난다는 것을 알고 사랑하면 사랑한다는 것을 알면서 나를 계속 지켜보는 일. 나는 지금 그런 일을 하는 중인 것 같다. _‘작가의 말’에서

나는 아직도 그 말을 하던 사람의 얼굴을 기억한다. 그가 잔인함을 잔인함이라고 말하고, 저항을 저항이라고 소리 내어 말할 때 내 마음도 떨리고 있었다. 누군가가 내가 느꼈던 감정과 생각을 날것 그대로 말하는 모습을 보며 한편으로는 덜 외로워졌지만, 한편으로는 지금까지 그럴 수 없었던, 그러지 않았던 내 비겁함을 동시에 응시할 수 있었기 때문이다.(「아주 희미한 빛으로도」, 31쪽)

어쩌면 그때의 나는 막연하게나마 그녀를 따라가고 싶었던 것 같다. 나와 닮은 누군가가 등불을 들고 내 앞에서 걸어주고, 내가 발을 디딜 곳이 허공이 아니라는 사실만이라도 알려주기를 바랐는지 모른다. 어디로 가는지 모르지만, 적어도 사라지지 않고 계속 나아갈 수 있다는 걸 알려주는 빛, 그런 빛을 좇고 싶었는지 모른다. 그리고 나는 그 빛을 다른 사람이 아닌 그녀에게서 보고 싶었다.(「아주 희미한 빛으로도」, 44쪽)

그대로라는 말이 거짓인 것만은 아니었다. 그대로라고 말하는 것은 그 많은 변화 속에서도 여전히 예전의 당신이 존재한다고, 그 사실이 내 눈에 보인다고 서로에게 일러주는 일에 가까웠다.(「몫」, 51쪽)

당신은 그런 글을 쓰고 싶었다. 한번 읽고 나면 읽기 전의 자신으로는 되돌아갈 수 없는 글을, 그 누구도 논리로 반박할 수 없는 단단하고 강한 글을, 첫번째 문장이라는 벽을 부수고 앞으로 나아갈 수 있는 글을, 그래서 이미 쓴 문장이 앞으로 올 문장의 벽이 될 수 없는 글을, 언제나 마음 깊은 곳에 잠겨 있는 당신의 느낌과 생각을 언어로 변화시켜 누군가와 이어질 수 있는 글을.(「몫」, 52쪽)

글쓰는 일이 쉬웠다면, 타고난 재주가 있어 공들이지 않고도 잘할 수 있는 일이었다면 당신은 쉽게 흥미를 잃어버렸을지도 모른다. 어렵고, 괴롭고, 지치고, 부끄러워 때때로 스스로에 대한 모멸감밖에 느낄 수 없는 일, 그러나 그것을 극복하게 하는 것 또한 글쓰기라는 사실에 당신은 마음을 빼앗겼다. 글쓰기로 자기 한계를 인지하면서도 다시 글을 써 그 한계를 조금이나마 넘을 수 있다는 행복, 당신은 그것을 알기 전의 사람으로 돌아갈 수 없었다.(「몫」, 75쪽)

나는 그런 사람이 되기 싫었어. 읽고 쓰는 것만으로 나는 어느 정도 내 몫을 했다, 하고 부채감 털어버리고 사는 사람들 있잖아. 부정의를 비판하는 것만으로 자신이 정의롭다는 느낌을 얻고 영영 자신이 옳다고 생각하며 사는 사람들. 편집부 할 때, 나는 어느 정도는 그런 사람이었던 것 같아. 내가 그랬다는 거야. 다른 사람들은 달랐겠지만.
희영은 거기까지 말하고 당신을 부드럽게 바라봤다.
정윤 언니가 그랬지. 나는 이 문제로 글을 쓸 수 없다고. 어쩌면 그 말이 맞는지도 몰라. 가끔씩 언니들의 마음이 너무 가깝게 다가와서 내가 언니들의 마음을 알 것 같다는 생각이 들면 정윤 언니의 말을 생각해. 죽었다 깨어나도 나는 모른다고. 착각하지 말자고.
그 집에서 하룻밤을 자고 집으로 돌아가는 길에 당신은 희영의 여린 얼굴을 떠올렸다. 그건 사랑을 하는 사람의 얼굴이었다. 외로운 사랑을 하는 사람의 얼굴이었다.(「몫」, 79~80쪽)

다희와 이야기할 때면 따뜻한 바닷물에 들어가 수영하는 기분이 들었다. 몸에 부드럽게 감기는 물처럼 모든 것이 자연스러웠다. 다희와 만나고 그녀는 지금껏 자신이 해온 대화가 사실은 서로를 향한 독백일 뿐이었다는 걸 깨달았다. 시간을 메우기 위해, 혹은 최소한의 사회적인 관계를 위해, 자신을 방어하기 위해 했던 말들이 어른이 되고 나서 그녀가 나눈 대화의 전부였으니까. 그제야 그녀는 아무 소리도 들리지 않는 조용한 자기 방에서 온전히 혼자가 되기를 바랐던 마음, 그 누구의 목소리도 듣기 싫었던 마음 안에도 사람과 이야기를 나누고 싶은 마음이 있었다는 걸 알게 됐다.(「일 년」, 101~102쪽)

그녀는 그런 상황에 체념한 채로, 그 모든 일이 지나가기만을 바랐다. 고통스러웠지만 살아졌고, 그녀는 살아진다는 것이 무엇인지 알고 있었다. 살아진다. 그러다보면 사라진다. 고통이, 견디는 시간이 사라진다.(「일 년」, 108쪽)

그녀는 다희에게 서운함을 느끼지 않기 위해 노력했다. 서운하다는 감정에는 폭력적인 데가 있었으니까. 넌 내 뜻대로 반응해야 해, 라는 마음. 서운함은 원망보다는 옅고 미움보다는 직접적이지 않지만, 그런 감정들과 아주 가까이 붙어 있었다. 그녀는 다희에게 그런 마음을 품고 싶지 않았다.(「일 년」, 115쪽)

네가 자면서 배냇짓을 할 때 나는 네 안에서 분주히 세워지고 있을 네 안의 세상이 궁금했고 그곳이 어떤 세상이든 소중하게 지켜져야 한다고 생각했어. 너는 무슨 힘으로 매일매일 자라나는 걸까. 어떻게 그토록 작은 네가 목을 가누고 몸을 뒤집는 걸까. 어떻게 너의 잇몸에서 작고 반투명한 유치가 돋아나는 걸까. 네가 그 부드러운 손으로 내 손가락을 꼭 붙잡았을 때, 나는 내가 너와 사랑에 빠졌다는 걸 알았지.(「답신」, 144쪽)

하지만 그게 그때 우리가 솔직하지 않았던 이유의 전부는 아니었던 것 같아.
있는 일을 없는 일로 두는 것. 모른 척하는 것.
그게 우리의 힘으로 감당하기 어려운 상황을 대하는 우리의 오래된 습관이었던 거야. 그건 서로가 서로에게 결정적으로 힘이 되어줄 수 없다는 걸 인정하는 방식이기도 했지. 그렇게 자기 자신을 속이는 거야. 다 괜찮다고, 별일 아니라고, 들쑤셔봤자 문제만 더 커질 뿐이라고.(「답신」, 150쪽)

도무지 견딜 수 없을 때, 내가 나를 수습할 수 없을 때 나는 내 마음을 있는 그대로 노트에 적은 후에 바로 찢어서 없애버렸어. 글은 글일 뿐이라고, 예전의 나는 그렇게 생각했었지. 하지만 어떤 글을 남기기로 선택하는 것은 결국 그 마음을 전달하고 싶은 바람을 담는 거라고 생각해. 그리고 그 마음은 실제로 전해지지. 상대가 그 글을 읽든, 읽지 않든 말이야.(「답신」, 172쪽)

하지만 모두 다 부질없는 상상일 뿐이었다. 죽어서라도, 다시 태어나서라도 그 고마움과 미안함을 전할 수 있다면 좋겠지만 그녀는 그것이 가능하다고 믿을 수 없었다. 그녀의 마음에는 단순한 진실만이 남아 있었다. 그는 이제 세상에 없으며, 그가 자신에게 준 마음을 갚을 방법 같은 건 없다는 진실이었다. 아무것도 돌이킬 수 없고, 그에 대한 자신의 마음은 지울 수 없는 후회와 미안함으로 남으리라는 진실이었다.(「파종」, 199쪽)

엄마와 아빠가 항상 바빴기 때문에 나는 어린 시절의 대부분을 이모와 함께 보냈다. 말도 이모에게서 배웠다. 내가 재밌다, 무섭다, 행복하다, 예쁘다, 나쁘다 같은 언어를 쓰기 시작하기 전에, 그런 관념을 형성한 바탕에는 이모의 세계관과 해석이 있었을 것이다. 나는 이모가 예쁘다고 말하는 것들의 특징을 내 안에서 관념적으로 구성했고, 이모가 나쁘다고 하는 것들의 특징 또한 그렇게 했다. 그리하여 내가 무섭고 싫고 밉다는 말을 하게 됐을 때, 그 말에는 이모의 삶을 통과한 세계관과 해석이 들어 있었다.(「이모에게」, 224~225쪽)

나는 안정과 독립에 대한 갈급함으로 입시에 매진했다. 고통스러울 정도로 나를 몰아세우자 놀랍게도 나를 아프게 하는 생각의 소리가 점점 줄어들었다. 그건 가학적으로 귀를 막으면서 진짜 문제들을 뒤로 미루는 방식이었지만, 당시의 나는 내가 꽤 잘해내고 있다고 믿었다. (…) 내 수준에서 해낼 수 있는 최고의 결과보다 더 뛰어난 결과를 스스로에게 요구했다. 몸은 힘들었지만 정신력으로 몸과 행동을 통제할 수 있다는 기분이 좋았다. 더 나은 존재가 되어간다는 고양감에는 중독성이 있었다.(「이모에게」, 246~247쪽)","“내 안에서는 언니에게 상처를 주고 싶어서 어쩔 줄 모르는 나와
언니를 잃을까봐 두려워하는 또다른 내가 싸우고 있었지.”

깊은 애정과 투명한 미움이 복잡하게 얽힐 때
한 시절 내가 건네받은 사랑을 뒤늦게 알아차리게 될 때
스스로의 몫을 고민하며 온 마음으로 써내려가는 7편의 긴 편지

사람 사이의 관계를 그리는 데 특출한 감각을 발휘하는 최은영의 소설은 특히 관계가 시작되는 순간과 부서지는 순간을 포착하는 데, 더 정확히는 무엇이 관계를 어그러뜨렸는지 치열하게 들여다보는 데 능하다. 이번 소설집의 특징 중 하나는 그러한 관계의 양상을 사회적 문제와의 연관 속에서 헤아린다는 점이다. 문학평론가 양경언이 정확하게 적시하듯 “최은영의 작품은 언제나 미묘한 파동이 만들어진 원인으로 여러 사회 조건 및 역사적, 구조적인 문제가 얽혀 있다는 것을 짚어왔”고 “현실의 문제를 다루는 일에 ‘여전히’ 용감”(「더 가보고 싶어」, 『아주 희미한 빛으로도』 해설, 332쪽)하다. 그러니 소설 속 인물들이 맺는 관계를 살피는 일은 그들이 발 딛고 선 땅이 어떠한지 파악하는 일과 떨어뜨릴 수 없다.
“솔기가 하나도 없는 완벽한 바느질이다. 인간관계란 무엇인가란 질문의 독특한 대답”(평론가 정여울)이라는 평과 함께 이효석문학상 최종심에 오른 「일 년」은 화자인 ‘지수’가 3년 차 사원이었을 때 계약직 인턴으로 입사한 동갑내기 ‘다희’와 함께 보낸 1년의 시간을 따라간다. 당시 지수는 풍력발전소 개소식을 앞두고 매일 공사 현장에 나가 상황을 점검하는 일을 맡고 있었고, 다희는 중국어에 능통하다는 이유로 지수의 어시스턴트로 근무를 시작한 참이었다. 정규직 사원과 계약직 인턴이라는 차이에도 불구하고 두 사람은 함께 카풀을 하며 공사장을 오가는 동안 어디서도 한 적 없는 진실된 대화를 나눈다. 그 대화를 통해서만 “제 모습을 드러내던 마음”(123쪽)이 있었지만, 두 사람의 다른 처지는 예상치 못한 순간 관계에 균열을 내고 둘은 서로에게 솔직해지지 못한 채 헤어지고 만다. 그러나 소설은 여기에서 한 발 더 나아가 그로부터 8년이 지난 후 두 사람이 우연히 마주치는 상황을 마련해놓는다. 중요한 점은 이 짧은 마주침이 두 사람이 다시 관계를 시작하는 산뜻한 계기가 되는 게 아니라, 그 1년의 시간이 서로에게 어떤 의미를 갖는지 솔직하게 돌아보는 시간으로 작용한다는 것이다.
「아주 희미한 빛으로도」가 집중해 그리는 것도 그런 복잡한 어긋남과 화해의 과정이다. 은행에서 일하다가 뒤늦게 대학교 영문과에 편입한 스물일곱 살의 ‘희원’은 “무채색 계열의 옷을 입고 한국어 억양이 강한 영어로 또박또박 자기 생각을 말하는”(10쪽) 젊은 강사인 ‘그녀’에게 매료된다. 희원은 지적인 자극을 주는 그녀의 수업을 통해 자신의 글이 다른 사람의 시선을 신경쓰는 ‘안전한 글쓰기’가 아니었는지 깊이 되돌아보게 되고, 조금 더 진지하고 용기 있게 글쓰기에 다가가게 된다. 그러나 대학원에 진학하고 싶다고 말하는 자신에게 “공부는 대학원 아닌 곳에서도 할 수 있는 거, 희원씨도 알죠”(37쪽)라고 이야기하는 그녀의 대답에 희원은 상처를 받고 그녀의 자존심을 건드리는 말을 뱉어버린다. 그녀가 어떤 마음으로 자신에게 그렇게 말했는지 희원이 어림해보게 되는 것은, 시간이 흘러 자신이 그녀와 마찬가지로 젊은 강사가 되고 나서이다. 그녀를 떠올리며 희원이 “비록 동의할 수 없지만, 이해할 수는 있는 마음이라고 지금의 나는 생각한다”며 “나도, 더 가보고 싶었던 것뿐이었다./어쩌면 그때의 나는 막연하게나마 그녀를 따라가고 싶었던 것 같다”(43쪽)라고 담담히 고백할 때, 우리는 희원과 그녀 사이에 이어져 있는 희미한, 그러나 분명한 빛을 보게 된다.
한편 「일 년」이 관계의 변화 위에 비정규직 문제를 겹쳐놓는다면, 「아주 희미한 빛으로도」는 ‘용산’이라는 공간을 부각시킨다. 소설은 희원과 그녀를 공통의 기억으로 가깝게 묶어주는 공간이자 정부의 과잉 진압으로 참사가 일어난 장소인 용산을 글쓰기의 바탕으로 환기함으로써 글을 쓰는 일의 의미를 진지하게 탐구해나간다. 「몫」 역시 관계와 사회, 글쓰기라는 이번 소설집의 핵심 키워드가 집약돼 있는 작품으로, 교지 편집부 활동을 함께하며 가까워진 세 인물이 글쓰기를 통해 경험하는 성취와 보람, 한계를 강렬하게 그려낸다. 1996년 가을, 도서관 앞에 쌓인 교지를 우연히 집어들었다가 ‘정윤’의 글을 읽고 마음을 빼앗긴 스무 살의 ‘해진’은 운명처럼 교지 편집부에 들어간다. 해진은 날카롭고 유려한 글을 쓰는 동갑내기 ‘희영’의 모습에 압도당하기도 하지만, 조금씩 자신만의 글을 써나가면서 “어렵고, 괴롭고, 지치고, 부끄러워 때때로 스스로에 대한 모멸감밖에 느낄 수 없는 일, 그러나 그것을 극복하게 하는 것 또한 글쓰기라는 사실”(75쪽)에 마음을 빼앗긴다. 그러나 여성문제를 둘러싸고 갈등과 논쟁이 첨예했던, 어쩌면 지금과 크게 다르지 않았던 1990년대의 상황은 해진과 희영, 정윤 사이에 점점 틈을 만들어낸다.
같은 여성이라는 조건만으로 연대나 화해가 쉽게 이루어지지는 않음을 인정하고 여성문제의 복잡함을 살피는 「몫」의 문제의식은 「답신」에서도 이어진다. 수록작 가운데 가장 온도가 높은 이 소설은 ‘나’가 더이상 만날 수 없게 된 언니의 딸에게 보내는 편지 형식으로 이루어져 있다. ‘나’는 왜 언니가 아닌 조카에게 편지를 쓰는 걸까. ‘나’는 왜 더는 언니와 조카를 만날 수 없게 된 걸까. 그런 궁금증을 안고 소설을 읽어내려가면서 우리가 맞닥뜨리게 되는 것은 개인의 의지만으로는 어찌할 수 없어 보일 만큼 완강한 폭력이다. ‘나’는 조카인 ‘너’에게 자신의 어린 시절을 들려주는 것으로 편지를 시작한다. ‘나’는 엄마가 집을 나간 후 아빠의 방치 속에서 자라왔지만 책임감이 강한 3살 터울의 언니가 어려서부터 ‘나’의 부모 역할을 하며 가장 큰 힘이 되어준다. 그런 언니가 달라지기 시작한 건 언제부터였을까. 어느 날 집 앞에 검은색 세단이 멈춰 서더니 그 안에서 뜻밖에 언니가 내린다. 언니는 당황스러워하며 우연히 만난 학교 선생이 태워다줬을 뿐이라고 변명하듯 말하지만 ‘나’는 언니가 거짓말을 하고 있음을 알아챈다. 그리고 언니는 스물한 살이 되던 해에 자신보다 열다섯 살이 많은 그 선생과 결혼할 거라고 말한다. 임신을 했다고, 그 남자가 자신을 책임지겠다고 했다고. 하지만 정작 그는 상견례 자리에서, 그리고 결혼한 뒤에도 거리낄 게 없다는 듯 천연덕스럽게, 노골적으로 언니를 무시한다. ‘나’는 그런 그의 태도에 참을 수 없이 분노하면서도 자신이 어떻게 언니를 도와줄 수 있을지 알 수 없어 무력감을 느낀다. 그리고 그 분노는 어떤 사건을 계기로 폭발하고 만다. ‘나’는 “사랑하는 언니를 보호하고 싶어서, 언니가 그렇게 함부로 다루어져서는 안 되는 소중한 사람이라는 걸 그렇게라도 보여주고 싶어서”(177쪽) 온 힘을 다해 그에게 맞서기 시작한다. “그때의 선택이 어떤 결과를 낳게 될지”(170쪽)라도.


“바라지 않아도 그 흔적은 사라지지 않을 거야.”

스스로에게 새겨진 흔적을 정직하게 응시하며
타인과 사회를 향해 나아간다는 것

후반부에 나란히 배치된 세 편의 소설 「파종」 「이모에게」 「사라지는, 사라지지 않는」은 흔히 ‘정상가족’이라 여겨지는 것과는 다른 가족의 모습을 보여준다. 일찍 돌아가신 엄마를 대신해 자신을 보살펴준 오빠의 사랑을 뒤늦게 깨닫는 동생의 이야기인 「파종」은 삶에 대한 오빠의 태도와 그가 남긴 사랑을 은유하는 공간인 ‘텃밭’을 배경으로 남매가 나눈 마음을 섬세하게 담아낸다. 「이모에게」는 제목에서 짐작할 수 있듯 ‘나’가 어린 시절의 대부분을 함께 보낸 이모를 떠올리며 써내려가는 이야기이다. ‘나’는 감정적으로 인색하고 엄격한 이모를 견딜 수 없어하며 자신에게 깊이 새겨진 그 흔적을 부정하려 하면서도 동시에 어떤 누구와도 다른 방식으로 자신을 아껴준 이모를 그리워하기도 한다. 때문에 ‘나’가 “나는 이모를 판단하기 위해서 이 글을 쓰는 것이 아니다. 그런 판단은 너무 쉬우니까. 나는 그런 쉬운 방식으로 이모에 대해 말하고 싶지 않다”(217쪽)라고 말할 때, 우리는 있는 그대로의 이모를 받아들이는 일이 도무지 견딜 수 없던 자신의 모습을 받아들이는 일이 되기도 하리라는 걸 알게 된다.
「파종」이 남매를, 「이모에게」가 이모와 조카를 다룬다면 「사라지는, 사라지지 않는」은 가장 복잡하면서 어려운 모녀 관계를 긴 호흡으로 살핀다. 육십대 여성인 ‘기남’은 홍콩에 살고 있는 작은딸 ‘우경’을 만나기 위해 짧은 여행을 떠난다. 여행에서 기남이 새삼 실감하는 것은 자신과 우경 사이에 놓인 보이지 않는 선이지만, 그런 기남에게 뜻밖에 위안이 되는 존재는 바로 일곱 살의 손자 ‘마이클’이다. 마이클은 오랜만에 만난 기남의 관심을 끌려고 분주히 움직이는 한편으로, 맑은 표정으로 기남에게 예상치 못한 말을 던지기도 한다. 기남은 우경과 마이클과 함께 홍콩 시내로 나들이를 갔다가 실수를 저지르고, 자신 때문에 가라앉은 분위기 속에서 집에 돌아온 기남은 그동안의 삶을 되돌아보다 불현듯 부끄러움을 느낀다. 그런데 그런 기남의 곁에 마이클이 다가와 앉더니 마치 기남의 마음을 읽기라도 한 듯 이렇게 말한다. “부끄러워도 돼요. 부끄러운 건 귀여워요”(318쪽)라고.

기남은 조심스럽게 마이클의 머리를 쓰다듬었다. 숱이 많은 곱슬머리가 우경의 어린 시절과 똑같았다.
“마이클은 다정하구나.”
“맞아요. 엄마가 그랬어요. 마이클은 너무 다정해. 한국 할머니처럼.”
“정말?”
“근데 너무 다정하면 안 된대요.”
마이클이 잠시 기남을 보다 말을 이었다.
“너무 다정한 건 나쁜 거래요.”
따뜻한 통증이 기남의 등과 배에 퍼져나갔다. 기남은 마이클의 머리칼을 쓰다듬으면서 가만히 고개를 끄덕였다. 마이클은 자신을 몰랐고 자신이 살아온 시간을 몰랐다. 하지만 그 순간, 자신에 대해 아무것도 모르는 그애가 오히려 자신보다 자신을 더 많이 이해하고 있는 것처럼 느껴진 건 무슨 이유였을까. 부끄러워도 돼요. 기남은 그 말을 믿을 수 없었다. 한 번도 기대하지 않았던 말. 기남은 그 말을 잊을 수 없으리라고 생각했다.(319쪽)

마이클의 말에 기남이 느끼는 ‘따뜻한 통증’은 최은영의 소설을 읽는 동안 우리 안에 퍼져나가는 감정과도 같다. 상처가 정확하게 건드려질 때, 잘 모르는 누군가가 자신을 깊이 이해하고 있는 것처럼 여겨질 때, 그래서 그 순간을 잊을 수 없으리라고 예감하게 될 때, 우리는 자신과 상대가 긴밀하게 연결되어 있음을 알아차리게 된다. 관계 안에서, 사회 안에서 무엇과도 무관한 채 서 있을 수 없는 우리의 존재. 그간 빛나는 작품들을 선보여온 최은영이 자신의 글쓰기를 끊임없이 점검하며 이번 소설집에 또렷이 새겨넣은 것은 바로 그러한 우리의 모습일 것이다."
14,천 개의 파랑 ,천선란,소설,"동식물과 자연, 다수에 속하지 않는 인간을 배제하는 발전을 추구한다면 인류는 빠르게 멸망할 것이다. 그러므로 우리는 『천 개의 파랑』을 읽으며 다시 배워야만 한다. 행복과 위로, 애도와 회복, 정상성과 결함, 실수와 기회, 자유로움의 진정한 의미를. 우리는 ‘천천히, 천천히’ 나아가도 된다. 아니, 그래야만 한다. 무엇도 배제하지 않고 함께 나아가는 방법을 보여주는 따뜻하고 찬란한 소설을 만났다. 고맙고 벅차다. 이 책에는 일차원의 우리들에게 들려주는 삼차원의 언어들이 가득하다. 덕분에 밀려오는 다차원의 감흥들이 굳은살처럼 잠든 세포를 명랑하게 깨워준다. 미래는 흔히 어둠 속에 묻힌 음울한 이정표 속에 소개되지만, 『천 개의 파랑』을 들여다보는 순간만큼은 그곳이 어쩌면 해맑은 희망의 여행지일지 모른다고 믿게 된다. 부서지고 다친 작은 존재들의 끈질긴 연대 너머로만 엿볼 수 있는 촘촘한 기쁨이 파랑파랑 반짝이기 때문이다.  이 책을 읽는 내내 어떤 한 장면이 떠올랐다. 빠르게 달리는 이동수단, 그 안에서 바라보는 바깥 풍경. 빠른 속도임에도 또렷이 보이는, 저 멀리 우뚝 솟은 건물들. 모두 그것을 찍고 있다. 흐드러지는 얇고 가느다란 풀잎에 초점을 맞추기에는 너무 빠르고 가까워 쉽지 않다. 하지만 천선란 작가는 있는 힘껏 고개를 돌려 흐릿한 풀잎을 바라본다. 지나칠 수밖에 없을지라도, 있는 힘껏 미간을 찌푸린다. 나는 그 장면을 목격한 첫 번째 사람이고, 그의 시선을 따라 힘껏 고개를 돌린 첫 번째 독자가 되었다. 우리 언젠가는 뛰어내릴 수 있을까? 그곳이 고속도로 한복판일지라도.","나는 지금 떨어지고 있다. 일반적인 속도라면 떨어지는 데 3초도 걸리지 않을 것이다. 하지만 나는 3초보다 몇 곱절은 더 긴 시간 동안 천천히, 조금씩 하늘에서 멀어지고 있다. - p.7

이대로는 죽어.
콜리는 그렇게 생각했다.
그래서 그날, 관중석이 꽉 찬 늦여름의 경기에서 콜리는 스스로 낙마했다. - p.31

보경은 언젠가, 한강 노을을 바라보며 바퀴를 열심히 굴리는 아이들이 멈추지 않고 달렸으면 좋겠다고 소방관에게 말했다. 삶이 이따금씩 의사도 묻지 않고 제멋대로 방향을 틀어버린다고 할지라도, 그래서 벽에 부딪혀 심한 상처가 난다고 하더라도 다시 일어나 방향을 잡으면 그만인 일이라고. 우리에게 희망이 1%라도 있는 한 그것은 충분히 판을 뒤집을 수 있는 에너지가 될 것이라고. - p,83

세상이 조금만 더 자신을 남들처럼만 대해준다면 은혜는 사이보그 따위 되지 않아도 된다고 생각했다. 몇천만 원을 웃도는 기계 다리 부착 수술보다 더 필요했던 건 인도에 오를 수 있는 완만한 경사로와 가게로 들어갈 수 있는 리프트, 횡단보도의 여유로운 보행자 신호, 버스와 지하철을 누구의 도움 없이도 탈 수 있는 안전함이었다. 휠체어를 끌어주는 휴머노이드나 사이보그 다리가 아니라. 하지만 그렇게 되려면 지구가 너무 많이 바뀌어야 했다. 다수의 입장에서는 한 사람에게 모든 것을 전가하면 그만인 일이었으니까. - p.97

연재는 타인의 삶이 자신의 삶과 다르다는 걸 깨달아가는 것이, 그리고 그 상황을 수긍하고 몸을 맞추는 것이 성장이라고 믿었다. 때때로 타인의 삶을 인정하는 과정은 폭력적이었다. 그러니 연재에게 남은 방법은 딱 하나였다. 수업이 마치자마자 온 힘을 다해 뛰어가는 것. - p.113

“몇몇 아이들이 상아 없이 태어나기 시작했어요. 설령 있다 하더라도 아주 짧죠. 흔적만 남아 있는 정도로요. 이 녀석도 상아 없이 태어났을 거예요.”
“…좋은 진화인가요?”
복희는 묻고서 멍청한 질문이었음을 깨달았다. 진화란 살아남기 위한 선택의 결과물일 뿐이다. 심지어 상아의 탈락은 오로지 인간에게서 살아남기 위한 선택이었다. 그것이 좋은 진화일 리가. 관리인은 웃으며 대답했다.
“자신들의 종족을 없애는 게 가장 최선의 방법이라는 결론에 도달하지 않기만을 바라야죠.” - p.159

“삼차원의 우리가 일차원의 말에 상처받지 말자.” - p. 179

이 몸으로 세상을 살아갈 수 없었다면 애초에 생겨나지도, 태어나지도 않았을 거였다. 우주는 자신이 품을 수 있는 것만 탄생시켰다. 이 땅에 존재하는 것들은 모두가 각자 살아갈 힘을 가지고 태어난다는 것을, ‘정상의’ 사람들은 모르는 듯했다. -p.221

“그리운 시절로 갈 수 있는 유일한 방법은 현재에서 행복함을 느끼는 거야.”
보경의 눈동자가 노을빛처럼 반짝거렸다. 반짝거리는 건 아름답다는 건데, 콜리 눈에 그 반짝거림은 슬픔에 가까워 보였다.
“행복이 만병통치약이거든.”
“….”
“행복한 순간만이 유일하게 그리움을 이겨.” - p.205","한국과학문학상 장편 대상 수상작
천선란 『천 개의 파랑』

“무엇도 배제하지 않고 함께 나아가는 방법을 보여주는 따뜻하고 찬란한 소설을 만났다. 고맙고 벅차다.”
-최진영(소설가)

“부서지고 다친 작은 존재들의 끈질긴 연대 너머로만 엿볼 수 있는 촘촘한 기쁨이 파랑파랑 반짝인다.”
-민규동(영화감독)

“빠르게 달리는 이동수단, 그 안에서 바라보는 바깥 풍경. 흐드러지는 얇고 가느다란 풀잎에 초점을 맞추기에는 너무 빠르고 가까워 쉽지 않다. 하지만 천선란 작가는 있는 힘껏 고개를 돌려 흐릿한 풀잎을 바라본다. 지나칠 수밖에 없을지라도, 있는 힘껏 미간을 찌푸린다.”
-손수현(배우)

‘한국과학문학상’의 또 다른 성취로 기억될 이름!
우리 SF가 품게 된 가장 따뜻한 물결, 천선란!

열일곱 살, 천선란은 무작정 소설가가 되고 싶다는 꿈을 안고 부모님의 허락 없이 예술고등학교 문예창작과에 진학한다. 소설을 쓸 수 있는 공간이라면 아주 작은 곳이라도 어디든지 발을 디뎠다. 잠시 소설 쓰기를 작파한 적도 있지만 ‘이야기를 쓰는 사람’이 되고 싶다는 열망은 뿌리칠 수 없었다. 그는 언제나 ‘작가’였다. 글을 쓰지 않을 때도 언제나 무언가를 상상했고, 이야기를 꿰고, 인물에게 숨을 불어넣고 있었기 때문이다. 천선란은 데뷔 전부터 브릿G, 환상문학웹진 거울 등 여러 플랫폼에 꾸준히 작품을 업로드하며 내실을 다져왔다. 소설가를 꿈꾸던 소녀는 10년 후, 한국과학문학상 장편 대상을 받으며 한국 SF계에서 가장 주목받는 총아가 된다.
2019년 첫 장편소설 『무너진 다리』로 SF 팬들에게 눈도장을 찍었고, 2020년 7월, 소설집 『어떤 물질의 사랑』을 통해 우리 SF의 대세로 굳건히 자리 잡은 천선란. 2019년 한국과학문학상 장편 대상 수상작 『천 개의 파랑』은 이를 방증하듯 출간 전부터 많은 SF 팬들의 뜨거운 기대를 모았다.
『천 개의 파랑』은 한국과학문학상 심사위원 김보영에게 “천 개의 파랑이 가득한 듯한 환상적이고 우아한 소설”, “이미 활발하게 활동하고 있는 유명 작가의 작품이라 해도 믿을 법했다” 라는 찬사를 이끌어냈다. 이는 김창규 작가가 한국과학문학상 심사평에서 언급한 말과 맥을 같이 한다. “더 이상 좋은 한국 SF의 가능성’이란 얘기는 듣지 않아도 되겠다는 생각이 들어 기뻤다. 그만큼 SF를 충분히 소화하고 빚은 작품들이, 가능성을 넘어 다양한 길을 정하고 완성되고 있었다.” 천선란은 더 이상 SF의 가능성이 아니다. 그는 이미 완숙하게 무르익은 상태로 우리에게 도달한 ‘준비된 작가’다.
천선란은 어느 날 홀연히 우리에게 다가온 혜성 같은 빛이 아닌, 바위마저 뚫는 꾸준함으로 조금씩 스며든 물방울이다. 그 물방울들은 이제 하나로 모여 거대한 파랑波浪을 이룬다. 긴 습작의 시간으로 단련된 문학적 근육, 그 동력으로 지금 이 순간도 쉼 없이 쓰고 있는 작가. 이 성실함만으로도 천선란의 행보는 더할 나위 없이 미더운데, 그는 언제나 여기보다 더 먼 곳을, 더 넓은 곳을 응시하는 곧고 너른 시선까지 가지고 있다. 10년 동안 모인 작은 물방울들이 만들어낸 물결은 이제 막 밀려오기 시작했다. ‘이미 완성된 작가’ 천선란, 그의 이름은 한국과학문학상의 또 다른 성취로 기억될 것이다.

빠르게 변화하는 세상의 속도 속에서,
있는 힘껏, 여린 풀잎 하나 놓치지 않는 올곧고 믿음직한 시선

SF가 진보하는 기술 속에서 변화하고 발전하는 모습을 예견하는 장르라면, 『천 개의 파랑』은 진보하는 기술 속에서 희미해지는 존재들을 올곧게 응시하는 소설이다. 발달한 기술이 배제하고 지나쳐버리는 이들, 엉망진창인 자본 시스템에서 소외된 이들, 부서지고 상처 입은 채 수면 아래로 가라앉아 있던 이들을 천선란은 다정함과 우아함으로 엮은 문장의 그물로 가볍게 건져 올린다. 그의 소설은 희미해진 이들에게 선명한 색을 덧입히는 과정으로 이루어져 있다.

“동식물과 자연, 다수에 속하지 않는 인간을 배제하는 발전을 추구한다면 인류는 빠르게 멸망할 것이다. 그러므로 우리는 『천 개의 파랑』을 읽으며 다시 배워야만 한다. 행복과 위로, 애도와 회복, 정상성과 결함, 실수와 기회, 자유로움의 진정한 의미를. 우리는 ‘천천히, 천천히’ 나아가도 된다. 아니, 그래야만 한다. 무엇도 배제하지 않고 함께 나아가는 방법을 보여주는 따뜻하고 찬란한 소설을 만났다. 고맙고 벅차다.” -최진영(소설가)

최진영 소설가가 추천의 글에서 말한 것처럼, 우리는 『천 개의 파랑』을 읽으며 행복과 위로, 애도와 회복, 자유로움과 같은, 시간이 흘러도 변하지 않는 가치를 다시금 확인하게 된다. 안락사당할 위기에 처한 경주마 ‘투데이’, 하반신이 부서진 채로 폐기를 앞둔 휴머노이드 기수 ‘콜리’, 장애를 가진 채 살아가는 소녀 ‘은혜’, 아득한 미래 앞에서 방황하는 ‘연재’, 동반자를 잃고 멈춰버린 시간 속에서 끝없는 애도를 반복하는 ‘보경’, 『천 개의 파랑』은 이렇듯 상처 입고 약한 이들의 서사를, 그 누구도 배제하지 않는 따뜻한 파랑波浪처럼 아우른다. 세계의 구석에서 누구도 홀로 물방울처럼 울지 않게 말이다. 눈을 감았다가 뜰 때마다 천변만화하는 세상 속에서도 『천 개의 파랑』은 변하지 않는 것, 이 세계의 가장 느리고 약한 것들과 기꺼이 발걸음을 맞추며 걷는다.
『천 개의 파랑』은 천선란 작가가 휴대폰 메모장에 적어놓은 한 줄에서부터 시작한다. ‘우리는 모두 천천히 달리는 연습을 해야 한다.’ 빠른 속도로 지나가는 풍경 속에서도 ‘있는 힘껏 고개를 돌려 흐릿한 풀잎을 바라보는’ 천선란의 시선은 올곧으며, 개미 한 마리조차 밟지 않기 위해 느린 걸음을 연습하는 작가의 태도는 믿음직스럽다. 그렇기에 우리는 천선란의 시선과 발걸음에 맞추어 『천 개의 파랑』을 읽는 동안 ‘부서지고 다친 작은 존재들의 끈질긴 연대 너머로만 엿볼 수 있는 촘촘한 기쁨’을 누릴 수 있게 된다.

동물과 로봇 그리고 인간,
종을 넘어선 이들의 아름답고 찬란한 회복의 연대

★“달리는 순간만큼은 저도 호흡하고 있어요”
-폐기를 앞둔 휴머노이드 기수, 콜리의 이야기
2035년, 경마 경기의 기수는 인간에서 휴머노이드로 대체된다. 인간보다 가볍고 죽음으로부터 자유로운 휴머노이드를 태우고 뛰는 경주마들은 그전보다 훨씬 빠르게 질주해야 한다. 계속 빠르게 달리기만을 강요당하다 연골이 다 닳아버려 더는 뛸 수 없게 된 경주마 ‘투데이’, 그리고 투데이의 파트너로 호흡을 맞춰온 휴머노이드 기수 ‘콜리’ 콜리는 어느 날, 늦여름의 경기에서 스스로 낙마를 선택한다. 투데이가 다리를 완전히 잃기 전에, 투데이를 지키기 위해.

★“살아간다는 건 늘 그런 기회를 맞닥뜨리는 거잖아”
-기적을 만들어낸 소녀, 연재의 이야기.
로봇 분야에서 천재적인 재능을 가지고 있는 소녀 연재는 집안 형편 때문에 ‘소프트 로봇 연구원’이라는 꿈을 잠시 접어둔 채 방황하고 있다. 어느 날, 연재는 우연히 들린 경마공원의 마사 한구석에서, 부서진 채 폐기를 두고 있는 휴머노이드 ‘콜리’를 발견한다. 다른 휴머노이드 기수와는 다르게 경기 중 ‘하늘을 바라보다가’ 낙마했다는 콜리에게 연재는 강렬한 끌림을 느낀다. 그렇게 기적을 이뤄낼 연재와 콜리의 만남은 시작된다.

★“삼차원의 우리가 일차원의 말에 상처받지 말자”
-진정한 자유로움을 원하는 소녀, 은혜의 이야기.
연재의 언니, 휠체어를 타는 은혜에게 바깥세상은 ‘위험천만한 모험’이다. 은혜는 다리를 잃은 경주마 ‘투데이’에게 동병상련의 감정을 느끼며 매일 투데이를 보러 가지만, 휠체어를 타고 밖으로 나서야 하는 은혜의 여정은 절대 호락호락하지 않다. 은혜에게 필요한 ‘자유’란 생체 적합성 의족이나 전동 휠체어가 아닌, ‘인도에 오를 수 있는 완만한 경사로와 가게로 들어갈 수 있는 리프트, 횡단보도의 여유로운 보행자 신호, 버스와 지하철을 누구의 도움 없이도 탈 수 있는 안전함’이다. “삼차원의 우리가 일차원의 말에 상처받지 말자.” 친구 주원이 건넨 용기에 힘입어, 비로소 삼차원의 은혜는, 일차원의 세상이 규정한 ‘정상성’에 도전한다.

★“행복한 순간만이 유일하게 그리움을 이겨.”
-멈춰버린 시간 속에서 끊임없이 누군가를 애도하는, 보경의 이야기
불의의 사고로 소방관인 남편을 잃고, 은혜와 연재 두 딸만을 바라보며 살아가는 보경에게 은혜는 ‘아픈 손가락’ 연재는 ‘신경이 손상된 손가락’이다. 가난한 살림 때문에 은혜에게 의족을 달아주지 못했다는 부채감, 은혜에게만 신경 쓰느라 연재의 재능을 살피지 못했다는 죄책감 때문에 보경이 두 딸을 향해 뻗은 손은 언제나 닿지 못하고 머뭇거리기만 한다. 그러나 서로를 안아주는 팔보다 더욱 진실 된 것은 서로 안기 직전 뻗은 두 팔의 머뭇거리는 떨림일 것이다. 보경은 우연히 집으로 들어오게 된 휴머노이드 콜리와의 교감을 통해 다친 마음을 회복하고 조금씩 두 딸에게 다가가려 한다."
